Order ID,Order Date,Product,Store,Units Sold,SP ID
15112,11-Dec-19,R1015,21,5,SP2022
15114,11-Dec-19,R1002,21,12,SP2022
15115,12-Dec-19,R1020,21,40,SP1623
15116,12-Dec-19,R1012,21,9,SP1623
15123,16-Dec-19,R1002,21,25,SP1764
15124,16-Dec-19,R1005,21,40,SP1764
15129,18-Dec-19,R1018,21,21,SP2022
15130,18-Dec-19,R1007,20,21,SP2022
15131,18-Dec-19,R1005,20,15,SP2022
15132,19-Dec-19,R1017,20,20,SP2116
15133,19-Dec-19,R1002,21,30,SP2116
15135,19-Dec-19,R1002,19,25,SP2116
15139,23-Dec-19,R1002,20,6,SP1764
15142,24-Dec-19,R1003,20,50,SP1555
15143,24-Dec-19,R1005,21,6,SP1555
15145,25-Dec-19,R1017,19,1,SP1764
15146,26-Dec-19,R1002,20,21,SP1764
15149,26-Dec-19,R1015,19,16,SP1764
15153,29-Dec-19,R1012,21,15,SP3473
15156,30-Dec-19,R1002,19,60,SP2116
15157,30-Dec-19,R1007,20,28,SP2116
15158,30-Dec-19,R1006,21,36,SP2116
15159,31-Dec-19,R1006,20,35,SP1623
15160,31-Dec-19,R1010,19,25,SP1623
15161,01-Jan-19,R1009,20,30,SP2022
15162,01-Jan-19,R1010,20,20,SP2022
15163,02-Jan-19,R1016,21,12,SP1119
15164,05-Jan-19,R1005,20,15,SP1764
15165,05-Jan-19,R1010,19,50,SP1764
15166,05-Jan-19,R1018,21,70,SP1764
15167,06-Jan-19,R1005,21,4,SP3473
15168,06-Jan-19,R1002,20,10,SP3473
15169,07-Jan-19,R1010,21,20,SP2022
15170,07-Jan-19,R1010,21,60,SP2022
15171,08-Jan-19,R1010,19,30,SP1555
15172,08-Jan-19,R1010,20,25,SP1555
15173,08-Jan-19,R1017,21,24,SP1623
15174,09-Jan-19,R1016,21,40,SP1623
15176,09-Jan-19,R1009,21,24,SP1623
15177,12-Jan-19,R1012,19,60,SP1119
15178,12-Jan-19,R1002,21,20,SP1119
15179,12-Jan-19,R1007,21,15,SP1119
15180,12-Jan-19,R1006,19,24,SP1119
15181,12-Jan-19,R1010,20,33,SP1119
15182,13-Jan-19,R1015,21,20,SP1623
15183,13-Jan-19,R1010,21,7,SP1623
15184,14-Jan-19,R1012,20,12,SP1555
15185,14-Jan-19,R1018,21,6,SP1555
15186,15-Jan-19,R1002,19,15,SP3473
15187,15-Jan-19,R1002,19,10,SP3473
15188,16-Jan-19,R1006,21,20,SP2022
15190,19-Jan-19,R1015,21,15,SP3473
15191,19-Jan-19,R1010,19,25,SP3473
15194,20-Jan-19,R1003,20,15,SP3473
15195,21-Jan-19,R1003,20,20,SP2022
15196,21-Jan-19,R1006,20,30,SP2022
15197,21-Jan-19,R1010,20,12,SP2022
15198,21-Jan-19,R1018,20,6,SP1764
15199,21-Jan-19,R1019,20,4,SP1764
15202,22-Jan-19,R1020,19,6,SP1764
15204,23-Jan-19,R1020,21,35,SP1119
15206,23-Jan-19,R1020,21,3,SP1119
15207,26-Jan-19,R1006,20,5,SP1764
15209,26-Jan-19,R1002,21,20,SP1764
15211,27-Jan-19,R1007,20,45,SP1555
15212,27-Jan-19,R1010,19,40,SP1555
15213,27-Jan-19,R1011,20,36,SP1555
15215,28-Jan-19,R1002,20,100,SP3473
15220,30-Jan-19,R1008,20,10,SP1764
15231,05-Feb-19,R1010,19,12,SP1555
15232,05-Feb-19,R1019,20,6,SP1555
15233,05-Feb-19,R1016,20,10,SP1555
15235,06-Feb-19,R1002,21,21,SP1764
15236,06-Feb-19,R1012,20,6,SP1764
15237,06-Feb-19,R1018,20,18,SP1764
15238,06-Feb-19,R1010,20,15,SP1764
15239,06-Feb-19,R1002,20,15,SP1764
15241,10-Feb-19,R1010,21,15,SP1623
15242,10-Feb-19,R1016,21,12,SP1623
15244,11-Feb-19,R1007,21,20,SP2022
15245,11-Feb-19,R1005,20,60,SP2022
15246,12-Feb-19,R1002,20,40,SP1623
15247,12-Feb-19,R1005,19,40,SP1623
15249,12-Feb-19,R1016,21,30,SP1623
15255,16-Feb-19,R1012,19,10,SP3473
15256,17-Feb-19,R1017,20,12,SP1764
15257,17-Feb-19,R1010,21,28,SP1764
15258,17-Feb-19,R1007,20,40,SP1764
15260,18-Feb-19,R1003,19,40,SP1764
15263,19-Feb-19,R1012,21,10,SP1555
15264,19-Feb-19,R1002,21,2,SP1555
15265,20-Feb-19,R1016,20,30,SP3473
15266,20-Feb-19,R1015,20,25,SP3473
15267,20-Feb-19,R1005,19,25,SP3473
15268,23-Feb-19,R1015,19,10,SP1555
15269,23-Feb-19,R1011,20,10,SP1555
15270,23-Feb-19,R1015,20,5,SP1555
15273,25-Feb-19,R1004,20,5,SP1764
15274,25-Feb-19,R1002,21,1,SP1764
15276,26-Feb-19,R1002,20,20,SP1119
15279,26-Feb-19,R1010,21,3,SP1119
15282,27-Feb-19,R1011,21,7,SP1555
15284,01-Mar-19,R1003,20,10,SP2022
15285,01-Mar-19,R1005,21,4,SP2022
15286,01-Mar-19,R1010,20,24,SP2022
15287,01-Mar-19,R1002,20,20,SP2022
15288,02-Mar-19,R1002,19,12,SP2022
15290,03-Mar-19,R1012,19,30,SP1555
15291,03-Mar-19,R1013,21,40,SP1555
15292,04-Mar-19,R1015,20,30,SP1764
15293,04-Mar-19,R1008,20,14,SP1764
15295,05-Mar-19,R1019,19,10,SP1555
15296,08-Mar-19,R1012,20,20,SP1623
15297,09-Mar-19,R1016,19,20,SP3473
15298,09-Mar-19,R1015,20,6,SP3473
15299,10-Mar-19,R1001,20,8,SP1764
15300,10-Mar-19,R1015,21,14,SP1764
15301,10-Mar-19,R1011,20,30,SP1764
15302,11-Mar-19,R1018,21,30,SP2022
15303,11-Mar-19,R1010,20,10,SP1119
15307,15-Mar-19,R1006,20,4,SP1764
15308,16-Mar-19,R1002,19,30,SP2116
15310,16-Mar-19,R1007,21,40,SP2116
15312,16-Mar-19,R1016,20,70,SP2116
15313,17-Mar-19,R1002,21,9,SP1555
15315,17-Mar-19,R1002,21,40,SP1555
15316,17-Mar-19,R1019,21,4,SP1555
15317,17-Mar-19,R1002,19,12,SP1555
15320,18-Mar-19,R1010,20,50,SP1764
15321,19-Mar-19,R1013,21,50,SP2022
15322,19-Mar-19,R1005,20,25,SP2022
15323,19-Mar-19,R1018,19,35,SP2022
15324,19-Mar-19,R1011,19,30,SP2022
15325,22-Mar-19,R1018,21,9,SP1764
15329,23-Mar-19,R1010,20,20,SP1764
15330,23-Mar-19,R1007,19,8,SP1764
15333,24-Mar-19,R1006,21,25,SP1119
15334,24-Mar-19,R1002,20,15,SP2116
15337,25-Mar-19,R1006,19,40,SP1119
15338,26-Mar-19,R1018,21,40,SP2022
15339,26-Mar-19,R1002,21,10,SP2022
15343,30-Mar-19,R1015,21,6,SP1764
15344,30-Mar-19,R1001,21,25,SP1764
15345,30-Mar-19,R1015,20,7,SP1764
15346,30-Mar-19,R1007,21,48,SP1764
15350,01-Apr-19,R1020,19,20,SP1764
15351,01-Apr-19,R1017,19,28,SP1764
15352,01-Apr-19,R1003,21,25,SP1764
15353,02-Apr-19,R1010,19,15,SP1764
15354,02-Apr-19,R1010,20,20,SP1764
15355,05-Apr-19,R1002,20,70,SP2022
15358,06-Apr-19,R1005,19,20,SP1555
15359,06-Apr-19,R1013,20,40,SP1555
15360,06-Apr-19,R1002,19,12,SP1555
15361,06-Apr-19,R1006,21,9,SP1764
15362,06-Apr-19,R1015,21,8,SP1764
15363,07-Apr-19,R1002,20,40,SP1764
15364,07-Apr-19,R1010,20,24,SP1764
15365,07-Apr-19,R1010,19,40,SP1764
15366,07-Apr-19,R1007,21,56,SP1764
15367,08-Apr-19,R1018,20,15,SP1764
15375,13-Apr-19,R1011,20,36,SP1119
15381,15-Apr-19,R1005,20,15,SP1764
15383,16-Apr-19,R1015,20,24,SP1764
15385,19-Apr-19,R1010,21,18,SP1623
15386,19-Apr-19,R1005,20,20,SP1555
15389,19-Apr-19,R1012,19,13,SP1555
15390,20-Apr-19,R1002,20,20,SP1119
15391,20-Apr-19,R1011,20,10,SP1119
15392,21-Apr-19,R1017,20,50,SP1764
15393,21-Apr-19,R1008,21,12,SP1764
15394,22-Apr-19,R1016,20,4,SP3473
15395,22-Apr-19,R1002,20,12,SP3473
15396,23-Apr-19,R1008,20,25,SP1623
15398,26-Apr-19,R1010,21,30,SP1623
15399,26-Apr-19,R1018,21,20,SP1623
15400,26-Apr-19,R1003,20,12,SP1623
15401,27-Apr-19,R1019,21,8,SP1555
15403,27-Apr-19,R1007,19,30,SP1555
15404,28-Apr-19,R1020,19,20,SP2022
15405,28-Apr-19,R1003,20,10,SP2022
15406,28-Apr-19,R1002,20,10,SP2022
15408,29-Apr-19,R1005,21,80,SP2022
15409,29-Apr-19,R1002,21,70,SP2022
15411,30-Apr-19,R1003,20,10,SP1764
15412,30-Apr-19,R1002,21,30,SP1764
15413,30-Apr-19,R1007,20,35,SP1764
15414,30-Apr-19,R1014,20,28,SP1764
15415,30-Apr-19,R1002,21,55,SP1555
15416,30-Apr-19,R1007,20,54,SP1555
15417,03-May-19,R1005,20,24,SP1119
15418,03-May-19,R1007,21,20,SP1119
15420,04-May-19,R1008,21,20,SP1764
15421,04-May-19,R1015,20,12,SP1764
15422,04-May-19,R1002,20,12,SP1764
15423,04-May-19,R1005,21,30,SP1555
15424,04-May-19,R1005,21,5,SP1555
15425,05-May-19,R1015,21,24,SP1119
15430,06-May-19,R1010,20,36,SP1764
15431,06-May-19,R1002,20,18,SP1764
15433,07-May-19,R1002,21,13,SP2022
15437,10-May-19,R1004,20,20,SP3473
15438,11-May-19,R1010,21,20,SP1623
15439,11-May-19,R1002,20,15,SP1623
15441,11-May-19,R1002,19,6,SP1555
15446,13-May-19,R1002,21,50,SP1764
15447,13-May-19,R1018,19,80,SP1764
15448,13-May-19,R1011,19,15,SP1555
15449,13-May-19,R1001,21,30,SP1555
15450,14-May-19,R1013,20,10,SP1119
15451,14-May-19,R1002,21,15,SP1119
15452,17-May-19,R1019,21,42,SP1555
15453,17-May-19,R1011,20,20,SP1555
15454,17-May-19,R1010,21,20,SP1555
15455,18-May-19,R1006,21,6,SP2022
15459,20-May-19,R1002,19,18,SP3473
15460,20-May-19,R1010,21,6,SP3473
15461,20-May-19,R1006,20,20,SP3473
15462,20-May-19,R1002,20,30,SP3473
15463,20-May-19,R1020,21,14,SP1119
15464,21-May-19,R1010,21,60,SP1764
15465,21-May-19,R1012,20,14,SP1764
15467,21-May-19,R1007,21,50,SP1764
15468,21-May-19,R1010,19,9,SP1764
15471,24-May-19,R1007,19,20,SP3473
15472,24-May-19,R1003,21,15,SP1119
15475,25-May-19,R1015,21,10,SP1555
15476,25-May-19,R1018,21,20,SP1555
15479,26-May-19,R1015,21,15,SP1555
15480,26-May-19,R1013,21,6,SP1555
15481,26-May-19,R1009,20,15,SP1555
15482,26-May-19,R1007,21,12,SP1555
15484,27-May-19,R1003,19,15,SP2022
15485,27-May-19,R1015,20,40,SP2022
15487,28-May-19,R1006,20,30,SP1764
15488,28-May-19,R1002,19,16,SP1764
15489,28-May-19,R1020,20,15,SP1764
15490,31-May-19,R1002,21,24,SP1623
15491,31-May-19,R1015,20,40,SP1623
15492,31-May-19,R1012,19,45,SP1623
15493,31-May-19,R1011,21,60,SP1623
15494,31-May-19,R1019,19,18,SP1119
15495,01-Jun-19,R1019,21,50,SP2022
15496,02-Jun-19,R1007,21,32,SP1555
15499,02-Jun-19,R1004,21,42,SP1555
15500,02-Jun-19,R1010,20,25,SP1555
15501,02-Jun-19,R1009,19,10,SP1555
15503,03-Jun-19,R1010,20,70,SP1623
15504,03-Jun-19,R1019,19,28,SP1623
15505,03-Jun-19,R1020,21,8,SP1623
15507,04-Jun-19,R1002,21,21,SP1555
15508,04-Jun-19,R1016,21,60,SP1555
15510,04-Jun-19,R1007,21,18,SP2022
15511,07-Jun-19,R1018,20,30,SP2022
15512,07-Jun-19,R1011,20,120,SP2022
15514,08-Jun-19,R1018,20,35,SP3473
15516,08-Jun-19,R1011,21,30,SP3473
15518,09-Jun-19,R1007,20,35,SP1555
15519,09-Jun-19,R1005,20,21,SP1555
15520,09-Jun-19,R1002,19,18,SP1555
15522,09-Jun-19,R1010,21,60,SP1555
15537,15-Jun-19,R1010,21,15,SP2022
15538,15-Jun-19,R1009,21,15,SP2022
15539,15-Jun-19,R1005,21,30,SP2022
15540,16-Jun-19,R1016,19,10,SP3473
15541,16-Jun-19,R1002,20,6,SP3473
15544,17-Jun-19,R1010,21,12,SP1119
15545,18-Jun-19,R1002,21,16,SP1119
15546,18-Jun-19,R1010,21,49,SP1119
15548,18-Jun-19,R1003,19,25,SP2116
15549,18-Jun-19,R1002,21,9,SP2116
15550,21-Jun-19,R1002,21,20,SP3473
15552,22-Jun-19,R1012,20,24,SP1119
15553,22-Jun-19,R1002,20,14,SP1119
15556,23-Jun-19,R1012,20,2,SP1119
15557,23-Jun-19,R1002,21,20,SP1119
15558,24-Jun-19,R1015,20,10,SP3473
15563,24-Jun-19,R1007,20,50,SP1764
15564,24-Jun-19,R1016,19,2,SP1764
15566,25-Jun-19,R1006,20,60,SP1764
15567,25-Jun-19,R1010,21,15,SP1764
15569,28-Jun-19,R1002,21,60,SP1764
15570,28-Jun-19,R1010,21,20,SP1764
15582,01-Jul-19,R1002,20,49,SP1764
15583,01-Jul-19,R1015,20,60,SP1764
15585,02-Jul-19,R1002,20,10,SP1623
15586,02-Jul-19,R1002,20,20,SP1623
15589,05-Jul-19,R1002,21,35,SP1764
15590,06-Jul-19,R1017,19,20,SP1764
15594,08-Jul-19,R1020,21,70,SP1764
15595,08-Jul-19,R1008,20,45,SP1764
15597,08-Jul-19,R1010,20,50,SP1764
15598,08-Jul-19,R1005,19,50,SP1764
15601,09-Jul-19,R1002,20,40,SP1119
15603,12-Jul-19,R1002,21,6,SP1119
15604,12-Jul-19,R1010,20,18,SP1119
15605,13-Jul-19,R1002,21,10,SP3473
15607,13-Jul-19,R1002,20,10,SP3473
15609,14-Jul-19,R1011,19,5,SP1119
15610,14-Jul-19,R1002,20,24,SP1119
15612,14-Jul-19,R1002,20,15,SP3473
15614,15-Jul-19,R1007,20,20,SP1119
15616,16-Jul-19,R1018,21,15,SP1623
15617,16-Jul-19,R1019,21,30,SP1623
15621,19-Jul-19,R1002,20,45,SP1764
15623,19-Jul-19,R1020,20,24,SP1764
15626,20-Jul-19,R1002,21,30,SP1119
15627,20-Jul-19,R1013,20,80,SP1119
15628,21-Jul-19,R1002,21,12,SP3473
15629,21-Jul-19,R1010,21,6,SP3473
15630,21-Jul-19,R1010,20,8,SP1119
15631,21-Jul-19,R1011,20,10,SP1119
15632,21-Jul-19,R1010,19,30,SP1119
15634,22-Jul-19,R1007,20,15,SP1119
15635,22-Jul-19,R1010,20,6,SP1119
15636,23-Jul-19,R1001,20,20,SP1623
15639,23-Jul-19,R1002,21,3,SP1623
15644,26-Jul-19,R1020,19,20,SP1764
15646,27-Jul-19,R1013,19,14,SP1119
15648,28-Jul-19,R1019,19,20,SP3473
15649,28-Jul-19,R1002,20,6,SP3473
15650,28-Jul-19,R1011,20,120,SP1764
15654,29-Jul-19,R1010,21,15,SP3473
15656,30-Jul-19,R1006,20,25,SP1555
15659,30-Jul-19,R1005,21,20,SP1764
15660,30-Jul-19,R1007,19,10,SP1764
15661,02-Aug-19,R1005,21,30,SP3473
15662,02-Aug-19,R1018,20,20,SP3473
15664,02-Aug-19,R1014,20,50,SP3473
15667,03-Aug-19,R1010,21,36,SP2022
15669,04-Aug-19,R1002,20,20,SP1764
15671,04-Aug-19,R1007,21,50,SP1764
15672,04-Aug-19,R1006,21,30,SP1764
15673,05-Aug-19,R1005,21,16,SP1764
15674,05-Aug-19,R1007,19,20,SP1764
15675,05-Aug-19,R1010,21,40,SP1764
15677,06-Aug-19,R1010,20,4,SP3473
15679,06-Aug-19,R1015,19,28,SP1555
15680,06-Aug-19,R1010,20,60,SP1555
15681,09-Aug-19,R1016,19,1,SP2022
15687,10-Aug-19,R1015,21,20,SP1764
15688,10-Aug-19,R1007,20,3,SP1764
15689,11-Aug-19,R1002,20,25,SP1555
15690,11-Aug-19,R1013,19,30,SP1555
15692,11-Aug-19,R1005,19,20,SP1555
15693,11-Aug-19,R1003,20,18,SP1555
15697,12-Aug-19,R1017,20,28,SP3473
15698,13-Aug-19,R1012,20,15,SP1119
15699,13-Aug-19,R1008,19,8,SP1119
15701,16-Aug-19,R1015,20,40,SP1555
15705,17-Aug-19,R1003,19,30,SP1764
15706,17-Aug-19,R1007,21,30,SP2022
15708,18-Aug-19,R1012,21,18,SP3473
15709,18-Aug-19,R1004,20,80,SP3473
15710,19-Aug-19,R1002,21,12,SP1555
15711,19-Aug-19,R1016,21,12,SP1555
15712,19-Aug-19,R1005,20,10,SP2022
15713,19-Aug-19,R1016,21,12,SP2022
15714,19-Aug-19,R1010,21,18,SP2022
15715,19-Aug-19,R1019,19,21,SP2022
15717,20-Aug-19,R1010,21,35,SP2116
15718,20-Aug-19,R1010,20,42,SP2116
15719,23-Aug-19,R1018,20,2,SP3473
15720,23-Aug-19,R1002,20,12,SP3473
15721,23-Aug-19,R1020,20,15,SP2022
15722,23-Aug-19,R1010,20,20,SP2022
15724,24-Aug-19,R1009,19,20,SP2022
15725,25-Aug-19,R1006,20,28,SP1119
15726,25-Aug-19,R1005,21,60,SP1119
15727,25-Aug-19,R1005,20,30,SP1119
15730,26-Aug-19,R1002,21,12,SP1623
15733,27-Aug-19,R1017,19,10,SP1555
15735,30-Aug-19,R1016,20,35,SP1764
15736,30-Aug-19,R1002,21,3,SP1119
15738,30-Aug-19,R1006,19,10,SP1119
15739,31-Aug-19,R1012,20,30,SP1764
15740,31-Aug-19,R1006,20,20,SP1764
15742,31-Aug-19,R1015,20,60,SP1764
15743,01-Sep-19,R1015,21,16,SP1555
15744,01-Sep-19,R1010,21,5,SP1555
15745,01-Sep-19,R1007,21,25,SP1555
15749,02-Sep-19,R1005,21,30,SP3473
15750,02-Sep-19,R1006,19,20,SP3473
15751,03-Sep-19,R1010,21,15,SP1623
15753,06-Sep-19,R1015,21,60,SP1764
15755,06-Sep-19,R1006,20,36,SP1764
15762,08-Sep-19,R1010,21,10,SP1764
15765,09-Sep-19,R1005,19,20,SP1119
15768,10-Sep-19,R1015,21,25,SP1764
15771,13-Sep-19,R1002,20,14,SP3473
15772,13-Sep-19,R1010,19,5,SP3473
15775,14-Sep-19,R1018,21,20,SP1764
15777,15-Sep-19,R1005,21,8,SP1623
15778,15-Sep-19,R1016,20,20,SP2116
15779,16-Sep-19,R1002,20,6,SP2022
15780,16-Sep-19,R1002,19,21,SP2022
15781,16-Sep-19,R1008,20,30,SP2022
15783,17-Sep-19,R1008,21,70,SP1623
15784,17-Sep-19,R1018,20,10,SP1764
15787,17-Sep-19,R1002,20,12,SP1764
15790,21-Sep-19,R1010,20,14,SP2116
15791,21-Sep-19,R1010,20,15,SP1764
15793,22-Sep-19,R1015,19,10,SP1555
15794,22-Sep-19,R1016,20,10,SP1555
15795,23-Sep-19,R1020,21,3,SP1764
15796,24-Sep-19,R1002,20,36,SP1623
15797,24-Sep-19,R1006,20,36,SP1623
15798,24-Sep-19,R1010,21,50,SP1764
15805,28-Sep-19,R1003,21,50,SP1764
15809,28-Sep-19,R1014,20,50,SP1119
15810,28-Sep-19,R1020,21,35,SP1119
15814,29-Sep-19,R1012,21,84,SP2022
15816,29-Sep-19,R1002,20,16,SP2022
15817,29-Sep-19,R1002,21,16,SP2022
15819,30-Sep-19,R1013,19,80,SP2022
15820,30-Sep-19,R1006,19,25,SP2022
15822,30-Sep-19,R1010,20,6,SP1119
15823,30-Sep-19,R1010,21,4,SP1119
15825,01-Oct-19,R1015,20,5,SP1764
15826,01-Oct-19,R1020,20,15,SP1764
15827,04-Oct-19,R1010,19,16,SP1623
15829,04-Oct-19,R1015,21,10,SP1623
15830,05-Oct-19,R1007,20,8,SP1764
15831,05-Oct-19,R1019,20,5,SP1764
15832,05-Oct-19,R1002,20,3,SP3473
15834,05-Oct-19,R1003,19,10,SP3473
15835,06-Oct-19,R1010,20,40,SP1764
15836,06-Oct-19,R1015,19,20,SP1764
15838,06-Oct-19,R1005,19,25,SP1764
15839,07-Oct-19,R1005,19,18,SP1764
15840,07-Oct-19,R1007,19,6,SP1764
15841,07-Oct-19,R1018,20,25,SP1764
15843,07-Oct-19,R1012,20,15,SP1555
15844,07-Oct-19,R1006,20,60,SP1555
15845,07-Oct-19,R1016,19,10,SP1555
15846,07-Oct-19,R1015,19,2,SP1555
15847,08-Oct-19,R1015,19,30,SP1555
15848,08-Oct-19,R1015,19,15,SP1555
15849,11-Oct-19,R1013,19,10,SP1764
15850,11-Oct-19,R1018,20,8,SP1764
15853,11-Oct-19,R1002,19,30,SP1764
15854,12-Oct-19,R1011,21,3,SP1623
15855,12-Oct-19,R1008,21,9,SP1623
15856,12-Oct-19,R1012,21,8,SP1623
15858,13-Oct-19,R1002,21,10,SP2022
15859,13-Oct-19,R1015,20,14,SP2022
15860,14-Oct-19,R1016,20,25,SP1119
15861,14-Oct-19,R1002,20,40,SP1119
15863,14-Oct-19,R1007,20,50,SP1119
15864,14-Oct-19,R1015,21,2,SP1764
15866,15-Oct-19,R1005,19,15,SP1764
15867,18-Oct-19,R1017,19,24,SP3473
15869,18-Oct-19,R1009,21,24,SP3473
15870,18-Oct-19,R1016,19,10,SP3473
15871,18-Oct-19,R1010,20,10,SP3473
15872,18-Oct-19,R1002,19,10,SP3473
15874,19-Oct-19,R1019,21,15,SP1764
15875,19-Oct-19,R1011,21,50,SP1764
15876,19-Oct-19,R1010,19,10,SP1764
15877,20-Oct-19,R1010,21,30,SP1119
15878,20-Oct-19,R1010,21,20,SP1119
15879,20-Oct-19,R1015,21,15,SP1119
15880,20-Oct-19,R1015,21,35,SP1119
15881,20-Oct-19,R1015,19,20,SP1555
15882,20-Oct-19,R1010,19,9,SP1555
15883,20-Oct-19,R1007,21,30,SP1555
15884,20-Oct-19,R1015,21,21,SP1555
15885,20-Oct-19,R1002,21,6,SP1555
15886,21-Oct-19,R1009,21,1,SP2116
15887,21-Oct-19,R1011,20,7,SP2116
15889,22-Oct-19,R1010,19,8,SP1623
15891,22-Oct-19,R1002,21,15,SP1623
15893,25-Oct-19,R1006,20,30,SP1119
15900,26-Oct-19,R1002,20,24,SP1555
15901,26-Oct-19,R1017,21,15,SP1555
15902,27-Oct-19,R1007,21,30,SP3473
15904,27-Oct-19,R1019,21,7,SP1764
15905,27-Oct-19,R1002,20,7,SP1764
15906,28-Oct-19,R1020,21,10,SP3473
15908,29-Oct-19,R1010,20,30,SP1555
15909,29-Oct-19,R1015,21,10,SP1555
15910,29-Oct-19,R1020,21,24,SP1119
15911,29-Oct-19,R1008,19,60,SP1119
15912,01-Nov-19,R1010,19,14,SP1119
15913,01-Nov-19,R1012,20,10,SP1119
15914,02-Nov-19,R1018,21,48,SP2022
15915,02-Nov-19,R1005,19,100,SP2022
15916,02-Nov-19,R1019,21,55,SP2022
15918,03-Nov-19,R1002,20,8,SP1764
15921,03-Nov-19,R1014,20,20,SP1764
15924,04-Nov-19,R1015,21,18,SP2022
15925,04-Nov-19,R1010,20,30,SP2022
15926,05-Nov-19,R1016,21,15,SP2022
15927,05-Nov-19,R1007,21,30,SP2022
15928,05-Nov-19,R1007,20,6,SP2022
15935,08-Nov-19,R1016,21,30,SP1623
15936,08-Nov-19,R1018,20,18,SP1623
15938,08-Nov-19,R1011,21,20,SP1623
15940,09-Nov-19,R1007,21,24,SP2022
15942,09-Nov-19,R1015,20,20,SP2116
15944,10-Nov-19,R1003,20,18,SP1555
15946,10-Nov-19,R1002,21,20,SP1555
15947,10-Nov-19,R1002,19,3,SP1555
15948,11-Nov-19,R1015,19,12,SP1623
15949,11-Nov-19,R1005,20,18,SP1623
15950,12-Nov-19,R1009,19,20,SP3473
15953,12-Nov-19,R1007,21,50,SP2022
15954,15-Nov-19,R1015,21,20,SP1555
15958,16-Nov-19,R1018,21,6,SP1764
15959,16-Nov-19,R1015,20,25,SP1764
15960,16-Nov-19,R1006,20,16,SP1764
15962,17-Nov-19,R1013,20,25,SP3473
15963,18-Nov-19,R1006,19,18,SP2116
15964,18-Nov-19,R1015,21,35,SP2116
15965,18-Nov-19,R1018,20,10,SP2116
15966,18-Nov-19,R1010,21,3,SP1555
15967,18-Nov-19,R1006,21,60,SP1555
15968,18-Nov-19,R1011,21,40,SP1555
15969,19-Nov-19,R1002,19,5,SP1119
15970,22-Nov-19,R1010,20,30,SP2022
15971,22-Nov-19,R1005,21,35,SP2022
15973,23-Nov-19,R1012,21,15,SP1119
15975,23-Nov-19,R1007,21,11,SP3473
15976,24-Nov-19,R1010,21,10,SP1119
15977,24-Nov-19,R1002,20,15,SP1119
15979,24-Nov-19,R1010,19,50,SP1119
15980,25-Nov-19,R1019,20,18,SP1764
15981,25-Nov-19,R1007,20,25,SP1764
15982,25-Nov-19,R1006,20,40,SP1764
15984,25-Nov-19,R1005,21,14,SP1764
15985,25-Nov-19,R1015,19,2,SP1764
15987,26-Nov-19,R1010,21,30,SP2022
15988,26-Nov-19,R1016,20,10,SP2022
15990,26-Nov-19,R1015,21,12,SP2022
15991,29-Nov-19,R1018,20,10,SP1119
15993,29-Nov-19,R1002,21,20,SP1119
15994,29-Nov-19,R1014,20,10,SP2116
15996,29-Nov-19,R1013,20,20,SP2116
15997,30-Nov-19,R1010,20,20,SP1764
15999,01-Dec-19,R1007,20,21,SP1555
16001,02-Dec-19,R1010,21,15,SP1764
16003,02-Dec-19,R1002,19,9,SP1764
16006,03-Dec-19,R1002,20,14,SP1119
16007,06-Dec-19,R1010,21,10,SP2022
16008,06-Dec-19,R1006,20,10,SP2022
16009,06-Dec-19,R1002,21,24,SP2022
16010,06-Dec-19,R1010,21,50,SP1764
16016,09-Dec-19,R1007,19,40,SP2022
16018,10-Dec-19,R1010,20,4,SP3473
16020,13-Dec-19,R1009,20,20,SP1764
16022,13-Dec-19,R1015,21,10,SP1555
16023,13-Dec-19,R1018,20,50,SP1555
16026,15-Dec-19,R1015,21,20,SP1764
16027,15-Dec-19,R1002,20,4,SP1764
16029,15-Dec-19,R1010,19,30,SP1119
16031,16-Dec-19,R1008,20,30,SP2022
16033,16-Dec-19,R1010,21,65,SP2022
16034,17-Dec-19,R1002,20,30,SP3473
16037,17-Dec-19,R1015,20,35,SP1764
16041,20-Dec-19,R1015,21,9,SP1555
16043,22-Dec-19,R1015,20,4,SP1764
16044,22-Dec-19,R1017,19,30,SP1764
16045,22-Dec-19,R1010,21,35,SP1764
16046,22-Dec-19,R1014,19,60,SP1764
16051,24-Dec-19,R1010,20,10,SP1555
16052,27-Dec-19,R1012,21,70,SP1555
16053,27-Dec-19,R1002,21,20,SP1555
16055,27-Dec-19,R1002,21,15,SP1555
16059,28-Dec-19,R1007,21,14,SP2022
16060,28-Dec-19,R1017,19,42,SP2022
16061,28-Dec-19,R1015,21,12,SP2022
16062,28-Dec-19,R1003,21,45,SP2022
16063,28-Dec-19,R1014,20,100,SP2022
16065,30-Dec-19,R1005,20,3,SP1764
16067,30-Dec-19,R1006,19,10,SP1764
16068,31-Dec-19,R1005,19,21,SP3473
16069,31-Dec-19,R1010,21,15,SP1623
16070,31-Dec-19,R1016,20,10,SP1623
16071,31-Dec-19,R1006,20,6,SP1623
16072,03-Jan-19,R1003,21,40,SP1555
16073,03-Jan-19,R1019,20,80,SP1555
16074,03-Jan-19,R1015,19,70,SP1555
16075,03-Jan-19,R1020,19,55,SP1555
16077,04-Jan-19,R1015,19,8,SP1764
16078,04-Jan-19,R1017,20,40,SP1764
16080,04-Jan-19,R1005,21,14,SP3473
16081,04-Jan-19,R1017,20,5,SP3473
16082,05-Jan-19,R1009,20,5,SP2022
16083,06-Jan-19,R1002,20,15,SP1555
16085,06-Jan-19,R1015,21,15,SP1555
16086,06-Jan-19,R1011,20,15,SP1555
16087,06-Jan-19,R1005,21,30,SP1764
16094,11-Jan-19,R1005,20,5,SP2022
16096,11-Jan-19,R1011,20,20,SP1764
16097,11-Jan-19,R1010,21,15,SP1764
16101,13-Jan-19,R1002,21,21,SP3473
16102,13-Jan-19,R1017,20,3,SP3473
16105,13-Jan-19,R1007,20,30,SP3473
16107,13-Jan-19,R1005,20,6,SP1764
16108,13-Jan-19,R1020,21,10,SP1764
16109,14-Jan-19,R1015,21,10,SP1119
16111,14-Jan-19,R1012,21,3,SP1119
16112,17-Jan-19,R1018,20,12,SP1555
16113,17-Jan-19,R1002,21,20,SP1555
16114,17-Jan-19,R1010,21,20,SP1555
16115,17-Jan-19,R1011,19,35,SP3473
16117,18-Jan-19,R1008,20,25,SP1764
16119,18-Jan-19,R1007,20,20,SP1764
16120,19-Jan-19,R1006,20,12,SP1555
16121,19-Jan-19,R1013,20,35,SP1555
16122,20-Jan-19,R1010,20,8,SP3473
16123,20-Jan-19,R1002,21,20,SP3473
16124,20-Jan-19,R1007,20,30,SP3473
16125,21-Jan-19,R1018,21,36,SP1764
16126,21-Jan-19,R1011,19,13,SP1764
16129,21-Jan-19,R1002,19,50,SP1764
16130,21-Jan-19,R1014,20,2,SP1764
16131,21-Jan-19,R1013,21,15,SP1764
16132,21-Jan-19,R1018,21,35,SP1764
16136,25-Jan-19,R1002,19,6,SP1764
16141,26-Jan-19,R1015,19,20,SP1119
16143,26-Jan-19,R1017,21,60,SP1119
16144,26-Jan-19,R1010,19,8,SP1764
16145,27-Jan-19,R1002,20,15,SP1764
16146,27-Jan-19,R1018,21,20,SP1764
16147,28-Jan-19,R1012,20,50,SP1764
16148,28-Jan-19,R1010,19,60,SP1764
16151,31-Jan-19,R1016,20,21,SP1623
16152,31-Jan-19,R1006,21,15,SP1623
16153,31-Jan-19,R1005,19,2,SP1623
16159,02-Feb-19,R1002,21,30,SP2116
16161,02-Feb-19,R1010,20,15,SP2116
16162,02-Feb-19,R1007,19,18,SP2116
16167,03-Feb-19,R1018,21,20,SP2022
16168,03-Feb-19,R1006,21,15,SP2022
16177,08-Feb-19,R1011,21,20,SP1555
16178,08-Feb-19,R1006,20,20,SP2022
16179,08-Feb-19,R1010,20,6,SP2022
16181,09-Feb-19,R1002,19,20,SP1555
16182,10-Feb-19,R1012,21,3,SP1623
16185,10-Feb-19,R1003,19,45,SP2022
16186,10-Feb-19,R1010,21,30,SP2022
16187,10-Feb-19,R1006,19,24,SP2022
16193,11-Feb-19,R1002,19,70,SP1764
16194,11-Feb-19,R1019,21,55,SP1764
16199,15-Feb-19,R1010,19,49,SP1764
16200,15-Feb-19,R1014,20,3,SP1764
16202,16-Feb-19,R1010,21,20,SP2022
16204,16-Feb-19,R1002,19,30,SP2022
16205,16-Feb-19,R1007,19,24,SP1555
16208,17-Feb-19,R1002,21,1,SP1555
16209,17-Feb-19,R1002,21,20,SP1555
16210,17-Feb-19,R1015,20,10,SP1555
16211,18-Feb-19,R1006,20,36,SP1764
16213,18-Feb-19,R1010,21,45,SP1764
16214,18-Feb-19,R1006,21,14,SP1764
16215,21-Feb-19,R1010,21,8,SP1555
16217,21-Feb-19,R1010,20,4,SP1555
16218,21-Feb-19,R1007,19,30,SP2022
16219,22-Feb-19,R1015,20,25,SP1764
16220,22-Feb-19,R1010,20,25,SP1764
16221,22-Feb-19,R1002,19,60,SP1764
16222,22-Feb-19,R1018,19,50,SP1764
16227,23-Feb-19,R1002,21,12,SP2116
16228,23-Feb-19,R1006,20,15,SP2116
16230,24-Feb-19,R1016,20,6,SP2022
16233,25-Feb-19,R1007,20,10,SP2022
16234,25-Feb-19,R1003,21,30,SP2022
16235,25-Feb-19,R1012,19,30,SP2022
16236,28-Feb-19,R1015,19,2,SP2022
16240,28-Feb-19,R1002,21,8,SP1555
16241,01-Mar-19,R1010,21,100,SP1764
16242,01-Mar-19,R1005,21,30,SP1764
16243,01-Mar-19,R1017,19,120,SP1764
16244,01-Mar-19,R1017,20,30,SP1764
16245,01-Mar-19,R1018,21,12,SP3473
16246,02-Mar-19,R1002,21,20,SP1555
16252,03-Mar-19,R1010,20,30,SP1119
16254,03-Mar-19,R1007,21,30,SP1119
16257,04-Mar-19,R1002,19,20,SP1119
16258,04-Mar-19,R1013,21,30,SP1119
16262,08-Mar-19,R1009,20,30,SP2022
16264,08-Mar-19,R1010,20,10,SP2116
16265,08-Mar-19,R1010,20,50,SP2116
16266,08-Mar-19,R1011,19,6,SP2116
16267,09-Mar-19,R1017,20,14,SP1764
16268,09-Mar-19,R1006,21,60,SP1764
16269,09-Mar-19,R1004,19,18,SP1764
16270,09-Mar-19,R1006,20,35,SP1555
16274,11-Mar-19,R1010,20,30,SP2022
16275,11-Mar-19,R1015,20,40,SP2022
16277,11-Mar-19,R1019,20,40,SP2022
16279,14-Mar-19,R1010,20,6,SP1119
16280,14-Mar-19,R1016,19,15,SP1119
16281,14-Mar-19,R1020,21,30,SP1119
16282,14-Mar-19,R1008,20,60,SP1119
16283,14-Mar-19,R1002,20,50,SP3473
16284,14-Mar-19,R1010,21,25,SP3473
16285,14-Mar-19,R1015,21,90,SP3473
16286,15-Mar-19,R1002,21,4,SP1764
16287,15-Mar-19,R1003,20,20,SP1764
16289,16-Mar-19,R1010,19,18,SP3473
16290,16-Mar-19,R1020,20,20,SP3473
16291,16-Mar-19,R1002,20,9,SP1119
16292,16-Mar-19,R1016,20,30,SP1119
16293,16-Mar-19,R1015,19,30,SP1119
16295,17-Mar-19,R1015,21,15,SP1764
16296,17-Mar-19,R1017,20,8,SP1764
16298,17-Mar-19,R1006,20,8,SP1764
16299,17-Mar-19,R1006,20,12,SP1764
16302,18-Mar-19,R1009,20,12,SP1119
16303,18-Mar-19,R1009,20,5,SP1119
16304,18-Mar-19,R1010,21,60,SP1119
16305,21-Mar-19,R1002,21,20,SP1623
16306,21-Mar-19,R1008,20,35,SP1623
16307,21-Mar-19,R1016,21,42,SP1623
16309,21-Mar-19,R1010,20,15,SP1764
16310,22-Mar-19,R1002,19,35,SP1623
16311,22-Mar-19,R1016,21,35,SP1623
16312,22-Mar-19,R1009,20,5,SP1623
16316,23-Mar-19,R1011,21,4,SP2116
16317,23-Mar-19,R1010,21,20,SP2116
16319,24-Mar-19,R1006,20,24,SP3473
16320,24-Mar-19,R1003,21,8,SP3473
16321,24-Mar-19,R1006,20,21,SP1764
16323,24-Mar-19,R1020,20,28,SP1764
16325,25-Mar-19,R1010,19,5,SP1623
16331,29-Mar-19,R1010,19,42,SP2022
16333,29-Mar-19,R1004,20,120,SP2022
16335,29-Mar-19,R1002,20,3,SP1119
16336,30-Mar-19,R1010,19,18,SP1555
16337,30-Mar-19,R1015,19,110,SP1555
16338,30-Mar-19,R1012,19,24,SP1555
16342,30-Mar-19,R1007,20,27,SP2022
16343,30-Mar-19,R1006,20,30,SP2022
16344,30-Mar-19,R1006,19,12,SP2022
16345,31-Mar-19,R1010,21,30,SP1119
16346,31-Mar-19,R1007,19,21,SP1119
16349,01-Apr-19,R1007,21,7,SP1764
16351,01-Apr-19,R1010,20,15,SP1555
16352,01-Apr-19,R1006,21,25,SP1555
16353,04-Apr-19,R1005,19,40,SP1555
16356,04-Apr-19,R1006,21,36,SP1555
16357,04-Apr-19,R1016,19,3,SP3473
16358,04-Apr-19,R1002,20,40,SP3473
16359,04-Apr-19,R1018,19,12,SP3473
16363,06-Apr-19,R1020,20,42,SP3473
16365,06-Apr-19,R1015,21,50,SP3473
16366,06-Apr-19,R1018,20,3,SP3473
16368,07-Apr-19,R1010,19,16,SP3473
16374,11-Apr-19,R1007,21,5,SP1764
16376,11-Apr-19,R1013,21,10,SP2022
16377,11-Apr-19,R1018,20,20,SP2022
16384,12-Apr-19,R1016,20,50,SP3473
16387,13-Apr-19,R1010,21,3,SP2022
16388,14-Apr-19,R1006,21,30,SP1764
16390,14-Apr-19,R1006,20,20,SP1119
16391,15-Apr-19,R1020,21,20,SP1555
16392,15-Apr-19,R1015,21,16,SP1555
16400,19-Apr-19,R1007,20,20,SP2116
16401,19-Apr-19,R1009,19,4,SP2022
16402,19-Apr-19,R1017,19,12,SP2022
16405,20-Apr-19,R1017,19,6,SP1119
16407,21-Apr-19,R1018,20,35,SP1764
16408,21-Apr-19,R1002,21,5,SP1764
16409,21-Apr-19,R1010,19,40,SP1764
16410,22-Apr-19,R1007,20,15,SP1764
16411,22-Apr-19,R1002,21,50,SP1119
16412,22-Apr-19,R1002,21,35,SP1119
16414,25-Apr-19,R1005,19,28,SP1555
16415,25-Apr-19,R1006,19,50,SP1623
16417,26-Apr-19,R1002,19,24,SP2116
16418,26-Apr-19,R1007,21,7,SP2116
16419,26-Apr-19,R1005,21,45,SP2116
16420,27-Apr-19,R1016,21,40,SP1555
16422,27-Apr-19,R1015,19,6,SP1555
16424,27-Apr-19,R1005,21,8,SP1623
16425,27-Apr-19,R1010,21,30,SP1623
16427,27-Apr-19,R1019,19,35,SP1623
16430,28-Apr-19,R1016,19,40,SP1119
16432,28-Apr-19,R1015,20,10,SP1764
16433,28-Apr-19,R1019,21,6,SP1764
16434,29-Apr-19,R1002,21,5,SP2116
16435,29-Apr-19,R1002,19,40,SP2116
16436,29-Apr-19,R1010,21,25,SP2116
16437,02-May-19,R1015,19,30,SP1119
16440,02-May-19,R1005,19,15,SP1119
16441,02-May-19,R1002,20,8,SP2022
16442,02-May-19,R1015,21,3,SP2022
16443,03-May-19,R1004,21,5,SP1119
16444,03-May-19,R1014,19,4,SP1119
16445,03-May-19,R1006,19,3,SP1623
16449,04-May-19,R1011,21,25,SP1764
16451,05-May-19,R1010,19,21,SP3473
16452,05-May-19,R1009,21,20,SP3473
16453,05-May-19,R1002,19,20,SP3473
16455,05-May-19,R1017,20,30,SP1623
16456,05-May-19,R1010,21,7,SP1623
16460,06-May-19,R1019,20,40,SP1119
16461,06-May-19,R1019,21,10,SP1119
16462,09-May-19,R1019,20,30,SP1764
16465,10-May-19,R1002,20,18,SP2022
16467,10-May-19,R1007,21,28,SP1119
16469,10-May-19,R1018,20,16,SP1119
16471,11-May-19,R1002,20,20,SP1119
16475,11-May-19,R1002,20,130,SP1623
16478,13-May-19,R1013,21,35,SP1764
16479,13-May-19,R1003,20,40,SP1764
16482,16-May-19,R1006,21,12,SP1119
16483,16-May-19,R1018,21,15,SP1119
16484,16-May-19,R1005,21,50,SP1119
16485,16-May-19,R1012,19,30,SP1119
16490,18-May-19,R1003,21,16,SP2116
16491,18-May-19,R1006,21,25,SP1119
16492,18-May-19,R1005,20,18,SP1119
16493,19-May-19,R1002,20,33,SP1555
16494,19-May-19,R1012,21,70,SP1555
16495,19-May-19,R1010,20,7,SP1555
16497,19-May-19,R1019,21,2,SP1764
16498,20-May-19,R1015,19,6,SP1764
16499,20-May-19,R1016,20,3,SP1764
16500,23-May-19,R1010,19,27,SP1555
16501,23-May-19,R1005,21,120,SP1555
16502,23-May-19,R1007,21,16,SP1555
16505,24-May-19,R1007,19,10,SP1119
16508,24-May-19,R1010,20,35,SP2022
16510,25-May-19,R1002,20,3,SP2022
16512,25-May-19,R1012,21,35,SP2022
16513,25-May-19,R1016,21,1,SP2116
16516,26-May-19,R1014,20,2,SP1764
16517,26-May-19,R1015,21,30,SP1764
16518,26-May-19,R1012,19,30,SP1764
16519,26-May-19,R1019,19,10,SP1555
16520,26-May-19,R1016,20,10,SP1555
16524,27-May-19,R1010,20,20,SP2022
16525,27-May-19,R1006,20,15,SP2022
16527,30-May-19,R1002,20,40,SP1555
16528,30-May-19,R1019,19,30,SP1555
16531,30-May-19,R1005,20,15,SP1555
16534,31-May-19,R1002,19,20,SP1623
16535,31-May-19,R1010,20,14,SP1623
16536,31-May-19,R1002,20,3,SP1555
16538,31-May-19,R1010,20,10,SP1555
16540,01-Jun-19,R1018,19,14,SP1119
16543,01-Jun-19,R1011,20,35,SP3473
16548,02-Jun-19,R1004,21,24,SP1119
16549,02-Jun-19,R1016,21,20,SP1764
16551,03-Jun-19,R1005,21,10,SP2022
16552,03-Jun-19,R1010,19,20,SP2116
16553,03-Jun-19,R1002,20,20,SP2116
16554,03-Jun-19,R1015,21,25,SP2116
16555,03-Jun-19,R1010,21,10,SP1555
16556,03-Jun-19,R1006,21,50,SP1555
16557,03-Jun-19,R1007,20,7,SP1555
16558,06-Jun-19,R1014,20,40,SP1764
16559,06-Jun-19,R1012,20,20,SP1764
16560,06-Jun-19,R1011,21,30,SP1764
16562,06-Jun-19,R1006,19,25,SP1764
16563,06-Jun-19,R1016,20,60,SP1764
16568,07-Jun-19,R1002,21,24,SP1623
16569,07-Jun-19,R1015,19,36,SP1623
16570,07-Jun-19,R1010,20,10,SP2022
16571,07-Jun-19,R1011,20,10,SP2022
16572,08-Jun-19,R1018,21,15,SP1119
16574,08-Jun-19,R1003,20,20,SP1119
16575,08-Jun-19,R1010,19,1,SP1764
16577,09-Jun-19,R1019,20,50,SP2022
16579,09-Jun-19,R1002,20,5,SP2022
16580,09-Jun-19,R1010,19,7,SP2022
16584,10-Jun-19,R1020,19,30,SP3473
16586,10-Jun-19,R1007,21,40,SP2022
16587,10-Jun-19,R1009,21,16,SP2022
16591,13-Jun-19,R1005,20,20,SP1119
16592,13-Jun-19,R1010,19,20,SP1119
16594,13-Jun-19,R1002,21,16,SP2022
16596,14-Jun-19,R1015,20,30,SP1764
16599,14-Jun-19,R1017,19,60,SP1119
16600,14-Jun-19,R1007,20,30,SP1119
16601,15-Jun-19,R1005,19,20,SP1764
16602,15-Jun-19,R1019,21,20,SP1764
16603,15-Jun-19,R1010,20,7,SP2022
16604,15-Jun-19,R1012,20,20,SP2022
16606,16-Jun-19,R1010,20,20,SP1555
16607,16-Jun-19,R1005,21,6,SP1555
16608,16-Jun-19,R1007,20,6,SP1623
16611,17-Jun-19,R1015,21,20,SP2022
16613,17-Jun-19,R1014,21,40,SP2022
16614,17-Jun-19,R1013,19,12,SP3473
16615,17-Jun-19,R1002,20,9,SP3473
16617,17-Jun-19,R1006,20,20,SP1555
16619,20-Jun-19,R1012,21,35,SP1623
16620,20-Jun-19,R1002,20,21,SP1555
16621,20-Jun-19,R1010,19,15,SP1555
16622,21-Jun-19,R1017,20,2,SP2116
16624,21-Jun-19,R1015,20,10,SP2116
16625,21-Jun-19,R1018,19,10,SP2116
16626,21-Jun-19,R1012,21,21,SP2116
16632,22-Jun-19,R1002,20,8,SP1119
16634,22-Jun-19,R1006,20,8,SP1119
16635,22-Jun-19,R1010,20,9,SP1119
16639,22-Jun-19,R1002,19,3,SP2022
16640,23-Jun-19,R1006,20,9,SP1623
16641,23-Jun-19,R1015,21,20,SP1623
16642,23-Jun-19,R1015,21,9,SP1623
16645,23-Jun-19,R1010,21,15,SP1555
16647,24-Jun-19,R1002,20,6,SP1764
16648,24-Jun-19,R1011,21,60,SP1764
16652,24-Jun-19,R1010,19,25,SP2116
16653,24-Jun-19,R1014,20,21,SP2116
16655,24-Jun-19,R1015,19,6,SP2116
16656,27-Jun-19,R1018,20,4,SP1119
16657,27-Jun-19,R1010,19,25,SP1119
16658,27-Jun-19,R1015,19,50,SP1119
16661,27-Jun-19,R1013,20,10,SP1764
16663,28-Jun-19,R1015,19,16,SP2022
16664,28-Jun-19,R1016,21,50,SP2022
16667,28-Jun-19,R1002,20,12,SP1555
16669,28-Jun-19,R1010,21,15,SP1555
16670,28-Jun-19,R1018,20,5,SP1555
16671,29-Jun-19,R1013,21,4,SP1764
16675,29-Jun-19,R1010,20,25,SP3473
16677,29-Jun-19,R1018,19,60,SP3473
16678,30-Jun-19,R1013,21,20,SP2022
16680,30-Jun-19,R1002,20,30,SP2022
16681,30-Jun-19,R1007,21,45,SP1764
16682,30-Jun-19,R1009,21,55,SP1764
16683,30-Jun-19,R1012,20,80,SP1764
16684,30-Jun-19,R1010,19,36,SP1764
16686,30-Jun-19,R1002,19,60,SP1764
16687,01-Jul-19,R1002,20,3,SP1764
16691,01-Jul-19,R1002,20,30,SP1555
16693,01-Jul-19,R1006,21,4,SP1555
16698,04-Jul-19,R1017,20,15,SP3473
16699,04-Jul-19,R1010,20,6,SP3473
16701,05-Jul-19,R1010,19,10,SP2116
16702,05-Jul-19,R1012,19,100,SP1119
16703,05-Jul-19,R1015,19,65,SP1119
16706,05-Jul-19,R1004,21,14,SP1119
16709,06-Jul-19,R1020,20,20,SP1119
16710,06-Jul-19,R1012,20,10,SP3473
16713,07-Jul-19,R1010,20,4,SP2022
16715,07-Jul-19,R1002,21,5,SP2022
16717,07-Jul-19,R1010,20,40,SP1555
16718,07-Jul-19,R1020,20,35,SP1555
16719,07-Jul-19,R1009,20,20,SP1119
16720,07-Jul-19,R1018,21,3,SP1119
16722,08-Jul-19,R1007,19,20,SP1764
16723,08-Jul-19,R1019,21,35,SP1764
16724,08-Jul-19,R1018,20,42,SP1764
16726,08-Jul-19,R1010,21,25,SP3473
16728,11-Jul-19,R1005,19,12,SP1764
16729,11-Jul-19,R1006,20,20,SP1764
16730,11-Jul-19,R1007,20,15,SP1764
16731,11-Jul-19,R1015,20,4,SP1764
16732,11-Jul-19,R1009,20,60,SP2022
16733,11-Jul-19,R1010,20,80,SP2022
16734,12-Jul-19,R1002,20,6,SP2022
16735,12-Jul-19,R1010,19,40,SP2022
16736,12-Jul-19,R1012,20,21,SP2022
16737,12-Jul-19,R1009,20,3,SP1623
16742,13-Jul-19,R1002,21,10,SP2022
16743,13-Jul-19,R1002,20,40,SP2022
16745,13-Jul-19,R1014,21,2,SP2022
16746,13-Jul-19,R1005,20,3,SP2022
16748,14-Jul-19,R1011,20,16,SP2116
16752,14-Jul-19,R1002,20,10,SP2022
16755,15-Jul-19,R1020,21,3,SP1764
16756,15-Jul-19,R1015,19,10,SP2022
16761,18-Jul-19,R1017,19,21,SP1764
16765,19-Jul-19,R1008,20,10,SP1119
16767,19-Jul-19,R1010,19,12,SP1119
16770,19-Jul-19,R1009,20,50,SP1764
16771,20-Jul-19,R1016,19,10,SP1764
16774,20-Jul-19,R1014,20,32,SP1764
16775,21-Jul-19,R1020,20,8,SP3473
16779,21-Jul-19,R1002,20,20,SP1623
16780,21-Jul-19,R1002,20,12,SP1623
16782,21-Jul-19,R1010,20,30,SP1623
16788,25-Jul-19,R1012,20,20,SP1555
16789,25-Jul-19,R1007,20,40,SP2116
16790,25-Jul-19,R1017,21,40,SP2116
16791,25-Jul-19,R1002,19,14,SP1764
16792,25-Jul-19,R1017,20,10,SP1764
16793,25-Jul-19,R1016,20,15,SP1764
16794,26-Jul-19,R1002,19,15,SP1764
16795,26-Jul-19,R1015,21,40,SP1764
16796,27-Jul-19,R1011,20,24,SP2116
16797,27-Jul-19,R1015,19,35,SP2116
16799,27-Jul-19,R1010,20,10,SP2116
16800,27-Jul-19,R1003,19,20,SP2116
16801,27-Jul-19,R1020,21,50,SP1555
16802,27-Jul-19,R1016,19,28,SP1555
16803,27-Jul-19,R1006,20,120,SP1555
16804,27-Jul-19,R1011,19,91,SP1119
16805,27-Jul-19,R1005,20,45,SP1119
16806,27-Jul-19,R1010,21,100,SP1119
16807,27-Jul-19,R1012,20,110,SP1119
16809,28-Jul-19,R1019,19,15,SP1764
16810,28-Jul-19,R1002,19,36,SP1119
16811,28-Jul-19,R1013,20,80,SP1119
16812,29-Jul-19,R1020,19,5,SP1764
16813,29-Jul-19,R1005,20,8,SP2022
16815,01-Aug-19,R1010,19,30,SP1764
16816,01-Aug-19,R1012,21,30,SP1764
16818,01-Aug-19,R1015,20,30,SP1555
16823,02-Aug-19,R1002,19,15,SP1119
16826,03-Aug-19,R1017,20,14,SP1623
16827,04-Aug-19,R1020,21,20,SP1764
16829,04-Aug-19,R1002,21,12,SP1555
16830,04-Aug-19,R1018,19,5,SP1555
16835,04-Aug-19,R1014,20,15,SP1119
16836,04-Aug-19,R1010,20,12,SP1119
16837,04-Aug-19,R1015,20,10,SP1119
16838,04-Aug-19,R1007,21,40,SP2022
16839,04-Aug-19,R1014,20,60,SP2022
16844,05-Aug-19,R1010,20,10,SP2022
16845,05-Aug-19,R1002,20,10,SP2022
16846,05-Aug-19,R1012,21,30,SP2022
16847,05-Aug-19,R1019,21,6,SP1555
16850,08-Aug-19,R1014,19,1,SP1764
16851,08-Aug-19,R1005,21,10,SP1764
16852,08-Aug-19,R1010,20,60,SP1119
16853,08-Aug-19,R1006,21,25,SP1119
16856,08-Aug-19,R1002,19,20,SP2022
16858,09-Aug-19,R1007,20,10,SP1555
16862,09-Aug-19,R1015,20,10,SP1764
16863,09-Aug-19,R1010,20,24,SP1764
16865,10-Aug-19,R1010,19,20,SP1119
16866,10-Aug-19,R1009,21,30,SP1119
16867,10-Aug-19,R1010,20,6,SP1119
16870,10-Aug-19,R1002,19,10,SP1764
16871,10-Aug-19,R1014,21,2,SP1764
16873,10-Aug-19,R1006,21,10,SP1764
16874,11-Aug-19,R1013,20,20,SP1764
16877,11-Aug-19,R1019,20,5,SP1555
16881,11-Aug-19,R1010,20,49,SP1623
16883,12-Aug-19,R1005,19,30,SP1764
16885,12-Aug-19,R1002,20,25,SP1764
16886,12-Aug-19,R1010,19,42,SP1764
16889,12-Aug-19,R1019,20,20,SP3473
16890,12-Aug-19,R1002,21,16,SP3473
16893,12-Aug-19,R1017,20,2,SP1623
16898,15-Aug-19,R1009,19,30,SP1119
16899,16-Aug-19,R1014,20,20,SP1764
16900,16-Aug-19,R1016,21,8,SP1764
16901,16-Aug-19,R1002,21,35,SP1119
16902,16-Aug-19,R1009,20,24,SP1119
16903,16-Aug-19,R1015,21,49,SP1119
16904,16-Aug-19,R1018,19,20,SP1119
16905,16-Aug-19,R1001,20,40,SP2022
16906,16-Aug-19,R1019,20,10,SP2022
16907,17-Aug-19,R1007,19,20,SP3473
16908,17-Aug-19,R1005,21,8,SP3473
16910,17-Aug-19,R1002,21,44,SP1764
16912,17-Aug-19,R1002,21,50,SP1764
16915,17-Aug-19,R1009,19,15,SP1764
16916,17-Aug-19,R1003,19,15,SP1764
16918,18-Aug-19,R1015,21,5,SP1623
16920,18-Aug-19,R1010,21,10,SP1764
16921,18-Aug-19,R1002,19,20,SP1764
16922,18-Aug-19,R1010,19,25,SP1555
16923,18-Aug-19,R1002,20,25,SP1555
16925,19-Aug-19,R1007,21,4,SP1119
16926,19-Aug-19,R1015,20,4,SP1119
16927,19-Aug-19,R1007,21,40,SP1119
16930,19-Aug-19,R1014,20,6,SP2022
16931,19-Aug-19,R1013,19,30,SP2022
16934,22-Aug-19,R1010,21,15,SP2116
16935,22-Aug-19,R1007,20,50,SP2116
16936,22-Aug-19,R1002,19,6,SP2116
16938,22-Aug-19,R1002,21,2,SP1555
16940,22-Aug-19,R1016,21,50,SP2116
16941,23-Aug-19,R1018,21,25,SP2022
16942,23-Aug-19,R1014,19,30,SP2022
16943,23-Aug-19,R1015,21,24,SP2022
16945,23-Aug-19,R1019,20,12,SP3473
16946,23-Aug-19,R1007,21,8,SP1623
16949,24-Aug-19,R1010,20,40,SP3473
16951,24-Aug-19,R1002,19,30,SP3473
16953,24-Aug-19,R1002,21,6,SP1764
16954,24-Aug-19,R1004,21,5,SP1764
16956,25-Aug-19,R1005,19,24,SP1119
16957,25-Aug-19,R1010,20,10,SP1119
16960,25-Aug-19,R1007,19,77,SP3473
16961,25-Aug-19,R1001,20,20,SP3473
16962,25-Aug-19,R1009,21,45,SP3473
16963,25-Aug-19,R1006,20,44,SP3473
16964,25-Aug-19,R1002,21,9,SP3473
16965,25-Aug-19,R1020,21,2,SP2116
16966,26-Aug-19,R1006,19,6,SP1119
16967,26-Aug-19,R1010,21,10,SP1119
16968,26-Aug-19,R1010,20,5,SP1119
16969,26-Aug-19,R1010,21,16,SP1623
16972,26-Aug-19,R1002,19,8,SP1764
16975,29-Aug-19,R1002,20,30,SP1555
16977,29-Aug-19,R1016,21,30,SP1555
16980,30-Aug-19,R1015,20,14,SP2022
16981,30-Aug-19,R1015,20,6,SP1764
16982,30-Aug-19,R1015,21,7,SP1764
16983,30-Aug-19,R1016,19,6,SP1623
16984,30-Aug-19,R1015,20,10,SP1623
16988,31-Aug-19,R1002,20,10,SP1555
16989,31-Aug-19,R1007,21,20,SP1555
16992,01-Sep-19,R1015,21,10,SP3473
16993,01-Sep-19,R1010,20,30,SP3473
16995,01-Sep-19,R1013,19,10,SP2116
16999,01-Sep-19,R1007,21,20,SP3473
17001,01-Sep-19,R1002,20,80,SP3473
17002,01-Sep-19,R1010,21,24,SP3473
17003,01-Sep-19,R1002,21,18,SP3473
17004,02-Sep-19,R1002,20,40,SP1764
17006,02-Sep-19,R1002,21,20,SP2022
17007,02-Sep-19,R1017,20,9,SP2022
17009,02-Sep-19,R1002,19,84,SP2022
17011,05-Sep-19,R1002,19,40,SP1555
17012,05-Sep-19,R1016,20,20,SP1555
17013,05-Sep-19,R1013,19,8,SP2022
17014,05-Sep-19,R1002,21,35,SP2022
17017,05-Sep-19,R1017,20,10,SP3473
17019,05-Sep-19,R1002,21,30,SP3473
17020,06-Sep-19,R1010,21,20,SP3473
17021,06-Sep-19,R1019,20,6,SP3473
17022,06-Sep-19,R1010,21,60,SP3473
17024,06-Sep-19,R1020,21,60,SP1119
17029,07-Sep-19,R1002,20,60,SP2022
17030,07-Sep-19,R1007,20,65,SP2022
17032,07-Sep-19,R1010,20,20,SP1555
17033,07-Sep-19,R1012,20,90,SP1555
17034,07-Sep-19,R1002,20,50,SP1555
17035,07-Sep-19,R1006,21,2,SP1555
17036,07-Sep-19,R1003,19,35,SP1764
17037,07-Sep-19,R1002,20,50,SP1764
17038,08-Sep-19,R1010,21,18,SP2022
17039,08-Sep-19,R1006,21,4,SP1555
17040,08-Sep-19,R1004,21,20,SP1555
17042,09-Sep-19,R1018,19,20,SP3473
17044,09-Sep-19,R1012,21,50,SP3473
17045,09-Sep-19,R1010,21,20,SP3473
17046,09-Sep-19,R1010,20,30,SP3473
17047,09-Sep-19,R1002,20,12,SP3473
17049,09-Sep-19,R1006,19,20,SP1623
17051,09-Sep-19,R1012,21,15,SP1623
17053,12-Sep-19,R1002,20,30,SP2022
17056,12-Sep-19,R1002,19,25,SP2022
17057,12-Sep-19,R1009,20,6,SP2022
17058,12-Sep-19,R1002,21,60,SP2022
17060,12-Sep-19,R1002,19,56,SP1764
17061,12-Sep-19,R1017,20,15,SP1764
17062,12-Sep-19,R1013,20,40,SP1764
17063,12-Sep-19,R1011,20,4,SP1119
17064,12-Sep-19,R1010,19,10,SP1119
17067,13-Sep-19,R1015,20,6,SP1119
17068,13-Sep-19,R1010,20,2,SP2022
17069,13-Sep-19,R1017,21,10,SP2022
17070,13-Sep-19,R1018,20,8,SP1119
17071,13-Sep-19,R1010,20,2,SP1119
17073,14-Sep-19,R1011,20,10,SP3473
17075,14-Sep-19,R1018,21,21,SP1764
17076,14-Sep-19,R1002,20,90,SP1764
17077,14-Sep-19,R1008,21,70,SP1764
17078,14-Sep-19,R1002,21,9,SP2022
17079,14-Sep-19,R1010,19,18,SP2022
17080,14-Sep-19,R1010,20,12,SP2022
17081,15-Sep-19,R1019,21,20,SP2022
17082,15-Sep-19,R1002,20,10,SP2022
17083,15-Sep-19,R1002,19,40,SP1119
17084,15-Sep-19,R1014,21,20,SP1119
17085,15-Sep-19,R1019,21,60,SP1555
17087,15-Sep-19,R1012,21,36,SP1555
17089,15-Sep-19,R1002,19,20,SP2022
17092,16-Sep-19,R1010,19,28,SP2022
17094,16-Sep-19,R1002,19,15,SP2022
17095,16-Sep-19,R1010,19,16,SP2116
17096,16-Sep-19,R1018,21,15,SP2116
17098,19-Sep-19,R1015,21,110,SP2116
17099,19-Sep-19,R1002,20,30,SP2116
17101,19-Sep-19,R1017,21,20,SP1764
17102,19-Sep-19,R1015,19,10,SP1764
17103,19-Sep-19,R1002,19,3,SP1623
17105,20-Sep-19,R1015,19,24,SP2022
17106,20-Sep-19,R1015,21,44,SP1119
17107,20-Sep-19,R1009,20,11,SP1119
17109,20-Sep-19,R1015,21,35,SP1119
17113,20-Sep-19,R1005,21,4,SP1555
17114,20-Sep-19,R1018,20,30,SP1555
17115,21-Sep-19,R1015,21,30,SP1764
17118,21-Sep-19,R1010,21,50,SP1764
17119,21-Sep-19,R1010,20,10,SP1623
17120,21-Sep-19,R1009,19,20,SP1623
17121,21-Sep-19,R1002,19,8,SP1764
17122,21-Sep-19,R1018,21,10,SP1764
17124,22-Sep-19,R1002,20,30,SP1555
17125,22-Sep-19,R1010,21,24,SP2022
17126,22-Sep-19,R1002,20,35,SP2022
17129,23-Sep-19,R1007,21,100,SP1764
17131,23-Sep-19,R1002,20,60,SP1764
17132,23-Sep-19,R1012,20,100,SP1764
17134,23-Sep-19,R1006,20,45,SP1623
17135,23-Sep-19,R1010,21,16,SP1623
17136,23-Sep-19,R1010,19,80,SP1623
17137,23-Sep-19,R1010,20,21,SP1623
17138,23-Sep-19,R1005,20,25,SP2022
17139,23-Sep-19,R1007,19,35,SP2022
17140,23-Sep-19,R1015,21,30,SP2022
17141,23-Sep-19,R1016,21,36,SP1764
17142,23-Sep-19,R1006,20,70,SP1764
17147,26-Sep-19,R1002,20,10,SP2022
17148,26-Sep-19,R1006,20,10,SP2022
17149,26-Sep-19,R1010,20,60,SP2022
17150,26-Sep-19,R1007,19,7,SP3473
17151,26-Sep-19,R1018,21,30,SP3473
17152,27-Sep-19,R1017,20,4,SP1764
17154,27-Sep-19,R1002,19,5,SP1555
17155,27-Sep-19,R1002,21,30,SP1555
17156,27-Sep-19,R1015,20,24,SP1555
17157,27-Sep-19,R1007,21,20,SP1555
17161,28-Sep-19,R1002,20,30,SP1119
17165,28-Sep-19,R1010,21,10,SP2022
17167,29-Sep-19,R1010,21,15,SP1623
17168,29-Sep-19,R1015,21,24,SP1623
17169,29-Sep-19,R1003,21,15,SP3473
17170,29-Sep-19,R1004,20,18,SP3473
17171,29-Sep-19,R1015,21,20,SP3473
17172,30-Sep-19,R1014,20,25,SP1764
17177,03-Oct-19,R1016,20,50,SP3473
17178,03-Oct-19,R1007,20,10,SP1764
17181,03-Oct-19,R1002,19,35,SP2022
17182,03-Oct-19,R1018,21,20,SP2022
17184,04-Oct-19,R1007,21,10,SP3473
17185,04-Oct-19,R1007,20,20,SP3473
17188,04-Oct-19,R1015,20,15,SP1764
17189,04-Oct-19,R1007,21,20,SP1764
17190,04-Oct-19,R1011,21,50,SP3473
17191,04-Oct-19,R1009,21,40,SP3473
17192,04-Oct-19,R1006,20,35,SP3473
17193,05-Oct-19,R1013,20,3,SP1119
17195,05-Oct-19,R1017,21,21,SP2116
17200,06-Oct-19,R1018,21,4,SP2022
17202,06-Oct-19,R1002,21,15,SP1764
17203,06-Oct-19,R1005,20,12,SP1764
17204,06-Oct-19,R1011,20,10,SP1764
17205,06-Oct-19,R1010,19,30,SP1119
17206,06-Oct-19,R1002,20,30,SP1119
17207,06-Oct-19,R1010,19,40,SP1119
17208,07-Oct-19,R1005,20,77,SP1555
17209,07-Oct-19,R1015,20,25,SP1555
17210,07-Oct-19,R1009,19,12,SP1555
17212,07-Oct-19,R1018,20,4,SP1555
17213,07-Oct-19,R1005,20,20,SP3473
17214,07-Oct-19,R1013,19,4,SP3473
17216,07-Oct-19,R1007,20,35,SP1764
17218,10-Oct-19,R1005,19,9,SP1555
17222,10-Oct-19,R1013,20,20,SP1555
17223,11-Oct-19,R1017,20,20,SP2022
17225,11-Oct-19,R1016,20,40,SP2022
17226,11-Oct-19,R1010,21,20,SP2022
17227,11-Oct-19,R1015,19,10,SP1555
17228,11-Oct-19,R1002,21,15,SP1555
17230,11-Oct-19,R1016,19,40,SP1764
17231,11-Oct-19,R1002,20,8,SP1764
17233,11-Oct-19,R1010,20,20,SP2022
17234,11-Oct-19,R1002,21,10,SP2022
17236,12-Oct-19,R1006,20,2,SP3473
17237,12-Oct-19,R1015,19,30,SP3473
17238,12-Oct-19,R1005,20,10,SP3473
17241,12-Oct-19,R1017,21,20,SP1764
17244,12-Oct-19,R1005,21,2,SP1555
17246,12-Oct-19,R1005,19,1,SP1555
17251,12-Oct-19,R1016,21,1,SP1555
17252,12-Oct-19,R1015,19,3,SP1555
17254,12-Oct-19,R1002,20,4,SP1555
17256,12-Oct-19,R1010,20,2,SP1555
17258,12-Oct-19,R1003,21,1,SP1555
17259,12-Oct-19,R1002,21,2,SP1555
17260,12-Oct-19,R1015,20,24,SP1555
17261,12-Oct-19,R1018,19,4,SP1555
17262,12-Oct-19,R1018,19,2,SP1555
17263,12-Oct-19,R1018,21,1,SP1555
17264,12-Oct-19,R1017,20,2,SP1555
17265,12-Oct-19,R1010,19,3,SP1555
